name,ring,quadrant,isNew,description
.NET Standard,hold,Languages and Frameworks,FALSE,"<p><strong><a href=""https://docs.microsoft.com/en-us/dotnet/standard/net-standard"">.NET Standard</a></strong> is a formal specification of the APIs that are common across .NET implementations. This allows the same code and libraries to run on different implementations.</br></br><strong>Used by:</strong> LMKT</br><strong>Alternatives:</strong>.NET 8</p>"
.NET Core,hold,Languages and Frameworks,FALSE,"<p><strong><a href=""https://docs.microsoft.com/en-us/dotnet/fundamentals/"">.NET Core</a></strong> is a cross-platform implementation for running websites, services, and console apps on Windows, Linux, and macOS.</br></br><strong>Used by:</strong> SAPO, LM, TORO, LMKT</br><strong>Alternatives:</strong>.NET 8</p>"
Akka.NET,hold,Languages and Frameworks,FALSE,"<p><strong><a href=""https://getakka.net/"">Akka.NET</a></strong> is a professional-grade port of the popular Java/Scala framework Akka distributed actor framework to .NET.</br></br><strong>Used by:</strong> GATO, CUY</br><strong>Alternatives:</strong>None</p>"
MediatR,adopt,Languages and Frameworks,FALSE,"<p><strong><a href=""https://github.com/jbogard/MediatR"">MediatR</a></strong> is a simple mediator implementation in .NET. In-process messaging with no dependencies. Supports request/response, commands, queries, notifications and events, synchronous and async with intelligent dispatching via C# generic variance.</br></br><strong>Used by:</strong> TORO, LMKT, LM, SAPO</p>"
Polly,adopt,Languages and Frameworks,FALSE,"<p><strong><a href=""https://github.com/App-vNext/Polly"">Polly</a></strong> is a .NET resilience and transient-fault-handling library that allows developers to express policies such as Retry, Circuit Breaker, Timeout, Bulkhead Isolation, and Fallback in a fluent and thread-safe manner.</br></br><strong>Used by:</strong> TORO, LMKT, CUY, SAPO, GATO, TZTLeads</p>"
FluentValidation,adopt,Languages and Frameworks,FALSE,"<p><strong><a href=""https://fluentvalidation.net/"">FluentValidation</a></strong> is a small validation library for .NET that uses a fluent interface and lambda expressions for building validation rules.</br></br><strong>Used by:</strong> TZT Leads, SAPO, CUY, LMKT, GATO, TORO</p>"
AutoMapper,adopt,Languages and Frameworks,FALSE,"<p><strong><a href=""https://automapper.org/"">AutoMapper</a></strong> is a simple little library built to solve a deceptively complex problem - getting rid of code that mapped one object to another. This type of code is rather dreary and boring to write, so why not invent a tool to do it for us?.</br></br><strong>Used by:</strong> TZT Leads, CUY, GATO</p>"
Newtonsoft Json.NET,hold,Languages and Frameworks,FALSE,"<p><strong><a href=""https://www.newtonsoft.com/json"">Json.NET</a></strong> is a popular high-performance JSON framework for .NET.</br></br><strong>Used by:</strong> All</br><strong>Alternatives:</strong>System.Text.Json</p>"
Rebus,adopt,Languages and Frameworks,FALSE,"<p><strong><a href=""https://github.com/rebus-org/Rebus"">Rebus</a></strong> is a lean service bus implementation for .NET.</br></br><strong>Used by:</strong> TORO, SAPO</p>"
SQL Kata,adopt,Languages and Frameworks,FALSE,"<p><strong><a href=""https://sqlkata.com/"">SqlKata</a></strong> Query Builder is a powerful Sql Query Builder written in C#.</br></br><strong>Used by:</strong> SAPO, LM, LMKT</p>"
Dapper,adopt,Languages and Frameworks,FALSE,"<p><strong><a href=""https://github.com/DapperLib/Dapper"">Dapper</a></strong> is a simple object mapper for .Net</br></br><strong>Used by:</strong> All</p>"
Serilog,adopt,Languages and Frameworks,FALSE,"<p><strong><a href=""https://serilog.net/"">Serilog</a></strong> like many other libraries for .NET, provides diagnostic logging to files, the console, and elsewhere. It is easy to set up, has a clean API, and is portable between recent .NET platforms.Unlike other logging libraries, Serilog is built with powerful structured event data in mind.</br></br><strong>Used by:</strong> All</p>"
MS Test,adopt,Languages and Frameworks,FALSE,"<p><strong><a href=""https://docs.microsoft.com/en-us/dotnet/core/testing/unit-testing-with-mstest"">MS Test</a></strong> is the Microsoft test framework for all .NET languages. It's extensible and works with both .NET CLI and Visual Studio</br></br><strong>Used by:</strong> TZT Leads, LMKT</p>"
XUnit,adopt,Languages and Frameworks,FALSE,"<p><strong><a href=""https://xunit.net/"">xUnit.net</a></strong> is a free, open source, community-focused unit testing tool for the .NET Framework. </br></br><strong>Used by:</strong> CUY, LM, SAPO, GATO, TORO</p>"
NUnit,adopt,Languages and Frameworks,FALSE,"<p><strong><a href=""https://nunit.org/"">NUnit</a></strong> is a unit-testing framework for all .Net languages. Initially ported from JUnit, the current production release, version 3, has been completely rewritten with many new features and support for a wide range of .NET platforms.</br></br><strong>Used by:</strong> TZT Leads</p>"
Moq,adopt,Languages and Frameworks,FALSE,"<p><strong><a href=""https://github.com/Moq/moq4/wiki/Quickstart"">Moq</a></strong> is intended to be simple to use, strongly typed and minimalistic</br></br><strong>Used by:</strong> TZT Leads, TORO, LMKT, LM, GATO, SAPO, CUY</p>"
Shoudly,adopt,Languages and Frameworks,FALSE,"<p><strong><a href=""https://github.com/shouldly/shouldly"">Shouldly</a></strong> is an assertion framework which focuses on giving great error messages when the assertion fails while being simple and terse.</br></br><strong>Used by:</strong> TZT Leads, LMKT</p>"
Entity Framework Core,adopt,Languages and Frameworks,FALSE,"<p><strong><a href=""https://docs.microsoft.com/en-us/ef/core/"">Entity Framework (EF) Core</a></strong> is a lightweight, extensible, open source and cross-platform version of the popular Entity Framework data access technology.</br></br><strong>Used by:</strong> TORO, LMKT, SAPO</p>"
Swashbuckle,adopt,Languages and Frameworks,FALSE,"<p><strong><a href=""https://docs.microsoft.com/en-us/aspnet/core/tutorials/getting-started-with-swashbuckle?view=aspnetcore-5.0&tabs=visual-studio"">Swagger (OpenAPI)</a></strong> is a language-agnostic specification for describing REST APIs. It allows both computers and humans to understand the capabilities of a REST API without direct access to the source code</br></br><strong>Used by:</strong> All</p>"
Apollo GraphQL,adopt,Languages and Frameworks,FALSE,"<p><strong><a href=""https://github.com/apollographql/apollo-client"">Apollo Client</a></strong> is a fully-featured caching GraphQL client with integrations for React, Angular, and more. It allows you to easily build UI components that fetch data via GraphQL.</br></br><strong>Used by:</strong> All</p>"
React,adopt,Languages and Frameworks,FALSE,"<p><strong><a href=""https://reactjs.org/"">React</a></strong> is a JavaScript library for building user interfaces.</br></br><strong>Used by:</strong> All</p>"
Axios,adopt,Languages and Frameworks,FALSE,"<p><strong><a href=""https://github.com/axios/axios"">Axios</a></strong> is a simple promise based HTTP client for the browser and node.js.</br></br><strong>Used by:</strong> SAPO, TORO, LMKT</p>"
uuid,adopt,Languages and Frameworks,FALSE,"<p><strong><a href=""https://github.com/uuidjs/uuid"">uuid</a></strong> help you to create a random UUID.</br></br><strong>Used by:</strong> Starlight, TORO, LMKT</p>"
Redux,adopt,Languages and Frameworks,FALSE,"<p><strong><a href=""https://redux.js.org/"">Redux</a></strong> is a predictable State Container for JS Apps.</br></br><strong>Used by:</strong> SAPO, TORO, LMKT</p>"
Redux-Saga,hold,Languages and Frameworks,FALSE,"<p><strong><a href=""https://redux-saga.js.org/"">Redux-Saga</a></strong> is an intuitive Redux side effect manager.</br></br><strong>Used by:</strong> SAPO, TORO, LMKT</br><strong>Alternatives:</strong>Redux</p>"
Material-UI,adopt,Languages and Frameworks,FALSE,"<p><strong><a href=""https://material-ui.com/"">Material-UI</a></strong> ,react components for faster and easier web development. Build your own design system, or start with Material Design.</br></br><strong>Used by:</strong> SAPO, TORO, LMKT</p>"
date-fns,adopt,Languages and Frameworks,FALSE,"<p><strong><a href=""https://date-fns.org/"">date-fns</a></strong> is a modern JavaScript date utility library.</br></br><strong>Used by:</strong> SAPO, TORO, LMKT</p>"
styled-components,hold,Languages and Frameworks,FALSE,"<p><strong><a href=""https://styled-components.com/"">Styled components</a></strong>, visual primitives for the component age. Use the best bits of ES6 and CSS to style your apps without stress.</br></br><strong>Used by:</strong> SAPO, TORO, LMKT<strong>Alternatives:</strong>Emotion</p>"
Jest,adopt,Languages and Frameworks,FALSE,"<p><strong><a href=""https://jestjs.io/"">Jest</a></strong>  is a delightful JavaScript Testing Framework with a focus on simplicity.</br></br><strong>Used by:</strong> SAPO, TORO, LMKT</p>"
React Testing Library,adopt,Languages and Frameworks,FALSE,"<p><strong><a href=""https://testing-library.com/docs/react-testing-library/intro/"">React Testing Library</a></strong> is a simple and complete React DOM testing utilities that encourage good testing practices..</br></br><strong>Used by:</strong> SAPO, TORO, LMKT</p>"
Lodash,adopt,Languages and Frameworks,FALSE,"<p><strong><a href=""https://lodash.com/"">Lodash</a></strong> is a modern JavaScript utility library delivering modularity, performance & extras.</br></br><strong>Used by:</strong> SAPO, TORO, LMKT</p>"
Faker,adopt,Languages and Frameworks,FALSE,"<p><strong><a href=""https://github.com/oriches/faker-cs"">Faker</a></strong> is an open source C# port of the Ruby Faker gem mainly used to easily generate fake (but presentable) data (names, addresses, phone numbers, etc).</br></br><strong>Used by:</strong> TZT Leads, LMKT</p>"
MoqDapper,adopt,Languages and Frameworks,FALSE,"<p><strong><a href=""https://github.com/UnoSD/Moq.Dapper"">Moq</a></strong> extensions for Dapper methods.</br></br><strong>Used by:</strong> LMKT</p>"
.NET 5,hold,Languages and Frameworks,FALSE,"<p><strong><a href=""https://docs.microsoft.com/en-us/dotnet/core/dotnet-five"">.NET Core</a></strong> is a cross-platform implementation for running websites, services, and console apps on Windows, Linux, and macOS.</br></br><strong>Used by:</strong> SAPO, LMKT</br><strong>Alternatives:</strong>.NET 8</p>"
immer,adopt,Languages and Frameworks,FALSE,"<p><strong><a href=""https://github.com/immerjs/immer"">immer</a></strong>, create the next immutable state tree by simply modifying the current tree.</br></br><strong>Used by:</strong> SAPO</p>"
microsoft/signalr,adopt,Languages and Frameworks,FALSE,"<p><strong><a href=""https://www.npmjs.com/package/@microsoft/signalr"">microsoft/signalr</a></strong> is a JavaScript and TypeScript clients for SignalR for ASP.NET Core and Azure SignalR Service.</br></br><strong>Used by:</strong> SAPO, CUY</p>"
GoJS,trial,Languages and Frameworks,FALSE,"<p><strong><a href=""https://gojs.net/latest/index.html"">GoJS</a></strong> a  web Framework for Rapidly Building Interactive Diagrams.</br></br><strong>Used by:</strong> LMKT</p>"
Cypress,hold,Languages and Frameworks,FALSE,"<p><strong><a href=""https://www.cypress.io/"">Cypress</a></strong> is a purely JavaScript-based front end testing tool built for the modern web. It aims to address the pain points developers or QA engineers face while testing an application. Cypress is a more developer-friendly tool that uses a unique DOM manipulation technique and operates directly in the browser.</br></br><strong>Used by:</strong> SAPO, LM, LMKT</br><strong>Alternatives:</strong> Playwright</p>"
MSAL.NET,adopt,Languages and Frameworks,FALSE,"<p><strong><a href=""https://github.com/AzureAD/microsoft-authentication-library-for-dotnet"">MSAL</a></strong> library for .NET is part of the Microsoft identity platform for developers (formerly named Azure AD) v2.0. It enables you to acquire security tokens to call protected APIs. It uses industry standard OAuth2 and OpenID Connect.</br></br><strong>Used by:</strong> CUY</p>"
msal-react,adopt,Languages and Frameworks,FALSE,"<p><strong><a href=""https://github.com/AzureAD/microsoft-authentication-library-for-js"">msal-react</a></strong> is a library for JavaScript enables client-side JavaScript applications to authenticate users using Azure AD.</br></br><strong>Used by:</strong> CUY</p>"
LightInject,hold,Languages and Frameworks,FALSE,"<p><strong><a href=""https://www.lightinject.net/"">Lightweight</a></strong> is an ultra Inversion of Control container for the .Net framework.</br></br><strong>Used by:</strong> TZT Leads</br><strong>Alternatives:</strong> Microsoft.Extensions.DependencyInjection</p>"
Castle Windsor,hold,Languages and Frameworks,FALSE,"<p><strong><a href=""https://github.com/castleproject/Windsor"">Castle Windsor</a></strong> is a best of breed, mature Inversion of Control container available for .NET.</br></br><strong>Used by:</strong> TZT Leads</br><strong>Alternatives:</strong> Microsoft.Extensions.DependencyInjection</p>"
.NET Framework,hold,Languages and Frameworks,FALSE,"<p><strong><a href=""https://dotnet.microsoft.com/download/dotnet-framework"">.NET Framework</a></strong> is the original implementation of .NET. It supports running websites, services, desktop apps, and more on Windows.</br></br><strong>Used by:</strong> TZT Leads, LM</br><strong>Alternatives:</strong> .NET 8</p>"
OData,hold,Languages and Frameworks,FALSE,"<p><strong><a href=""https://www.odata.org/"">Open Data Protocol (OData)</a></strong> is an open protocol that allows the creation and consumption of queryable and interoperable REST APIs in a simple and standard way</br></br><strong>Used by:</strong> TZT Leads, LMKT</br><strong>Alternatives:</strong> Grahpql</p>"
Unity container,hold,Languages and Frameworks,FALSE,"<p><strong><a href=""http://unitycontainer.org/articles/introduction.html"">Unity Container (Unity)</a></strong> is a lightweight, extensible dependency injection container.</br></br><strong>Used by:</strong> LM, CUY</br><strong>Alternatives:</strong> Microsoft.Extensions.DependencyInjection</p>"
ADAL.NET,hold,Languages and Frameworks,FALSE,"<p><strong><a href=""https://docs.microsoft.com/en-us/samples/azure-samples/active-directory-dotnet-v1-to-v2/active-directory-dotnet-v1-to-v2/"">ADAL.NET</a></strong></br></br><strong>Used by:</strong> All</br><strong>Alternatives:</strong> MSAL.NET</p>"
NHibernate,hold,Languages and Frameworks,FALSE,"<p><strong><a href=""https://nhibernate.info/"">NHibernate</a></strong> is a mature, open source object-relational mapper for the .NET framework.</br></br><strong>Used by:</strong> TZT Leads</br><strong>Alternatives:</strong> Entity Framework Core</p>"
ADO.NET,hold,Languages and Frameworks,FALSE,"<p><strong><a href=""https://docs.microsoft.com/en-us/dotnet/framework/data/adonet/"">ADO.NET</a></strong> is a set of classes that expose data access services for .NET Framework programmers. ADO.NET provides a rich set of components for creating distributed, data-sharing applications.</br></br><strong>Used by:</strong> TZT Leads</br><strong>Alternatives:</strong> Dapper</p>"
Entity Framework 6,hold,Languages and Frameworks,FALSE,"<p><strong><a href=""https://docs.microsoft.com/en-us/ef/ef6/"">Entity Framework 6 (EF6)</a></strong> is a tried and tested object-relational mapper (O/RM) for .NET with many years of feature development and stabilization.</br></br><strong>Used by:</strong> CUY</br><strong>Alternatives:</strong> Entity Framework Core</p>"
Rhino Service Bus,hold,Languages and Frameworks,FALSE,"<p><strong><a href=""https://hibernatingrhinos.com/oss/rhino-service-bus"">Rhino Service Bus</a></strong> is a messaging framework that supports transactional, durable, reliable, distributed, asynchronous messaging.</br></br><strong>Used by:</strong> TZT Leads</br><strong>Alternatives:</strong> Rebus</p>"
Common.Logging,hold,Languages and Frameworks,FALSE,"<p><strong><a href=""https://net-commons.github.io/common-logging/"">Common.Logging</a></strong> provides a basic logging abstraction for developers to code against that makes it easy to switch your application from one logging framework to the next via simple configuration.</br></br><strong>Used by:</strong> TZT Leads</br><strong>Alternatives:</strong> Serilog</p>"
NLog,hold,Languages and Frameworks,FALSE,"<p><strong><a href=""https://nlog-project.org/"">NLog</a></strong> is a flexible and free logging platform for various .NET platforms, including .NET standard. NLog makes it easy to write to several targets. (database, file, console) and change the logging configuration on-the-fly.</br></br><strong>Used by:</strong> TZT Leads</br><strong>Alternatives:</strong> Serilog</p>"
AngularJS,hold,Languages and Frameworks,FALSE,"<p><strong><a href=""https://angularjs.org/"">AngularJS</a></strong> is a toolset for building the framework most suited to your application development.</br></br><strong>Used by:</strong> CUY</br><strong>Alternatives:</strong> React</p>"
RxJS,hold,Languages and Frameworks,FALSE,"<p><strong><a href=""https://rxjs.dev/"">RxJS</a></strong> is a library for reactive programming using Observables, to make it easier to compose asynchronous or callback-based code.</br></br><strong>Used by:</strong> CUY</br><strong>Alternatives:</strong> React</p>"
react-adal,hold,Languages and Frameworks,FALSE,"<p><strong><a href=""https://github.com/salvoravida/react-adal"">react-adal</a></strong> , Azure Active Directory Library (ADAL) support for ReactJS.</br></br><strong>Used by:</strong> TORO, LMKT, SAPO</br><strong>Alternatives:</strong> msal-react</p>"
aspnet/signalr,hold,Languages and Frameworks,FALSE,"<p><strong><a href=""https://www.npmjs.com/package/@aspnet/signalr"">aspnet/signalr</a></strong> ,JavaScript and TypeScript clients for SignalR for ASP.NET Core.</br></br><strong>Used by:</strong> LMKT</br><strong>Alternatives:</strong> microsoft/signalr</p>"
Enzyme,hold,Languages and Frameworks,FALSE,"<p><strong><a href=""https://enzymejs.github.io/enzyme/"">Enzyme</a></strong> is a JavaScript Testing utility for React that makes it easier to test your React Components' output.</br></br><strong>Used by:</strong> TORO, LMKT, SAPO</br><strong>Alternatives:</strong> Jest</p>"
Azure Kubernetes Service,hold,Platforms,FALSE,"<p><strong><a href=""https://docs.microsoft.com/en-us/azure/aks/"">Azure Kubernetes Service</a></strong> is a robust and cost-effective container orchestration service that helps you to deploy and manage containerized applications in seconds where additional resources are assigned automatically without the headache of managing additional servers.</br></br><strong>Used by:</strong> TZT Leads, LMKT, TORO, SAPO</br><strong>Alternatives:</strong>  Amazon EKS</p>"
Azure Functions,hold,Platforms,FALSE,"<p><strong><a href=""https://docs.microsoft.com/en-us/azure/azure-functions/"">Azure Functions</a></strong> is the serverless computing service hosted on the Microsoft Azure public cloud. Azure Functions, and serverless computing, in general, is designed to accelerate and simplify application development.</br></br><strong>Used by:</strong> SAPO</br><strong>Alternatives:</strong> AWS Lambda</p>"
AWS,adopt,Platforms,FALSE,"<p><strong><a href=""https://aws.amazon.com/es/"">Amazon Web Services (AWS)</a></strong> is a secure cloud services platform, offering compute power, database storage, content delivery and other functionality to help businesses scale and grow.</br></br><strong>Used by:</strong> All</p>"
On premise,hold,Platforms,FALSE,"<p><strong><a href=""https://en.wikipedia.org/wiki/On-premises_software"">On premise</a></strong> is the software and technology that is located within the physical confines of an enterprise often in the company's data center.</br></br><strong>Used by:</strong> None</br><strong>Alternatives:</strong> Amazon EKS, AWS Lambda</p>"
Azure Web Apps,hold,Platforms,FALSE,"<p><strong><a href=""https://docs.microsoft.com/en-us/azure/app-service/"">Azure Web Apps</a></strong> provides a platform to build an App in Azure without having to deploy, configure and maintain your own Azure VM's. You can build Web App using the ASP.NET, PHP, Node. js and Python. </br></br><strong>Used by:</strong> TZT Leads, LM</br><strong>Alternatives:</strong> Amazon EKS, AWS Lambda</p>"
Azure VMs,hold,Platforms,FALSE,"<p><strong><a href=""https://docs.microsoft.com/en-us/azure/virtual-machines/"">Azure virtual machines (VMs)</a></strong> enable you to create dedicated compute resources in minutes that can be used just like a physical desktop or server machine.</br></br><strong>Used by:</strong> TZT Leads</br><strong>Alternatives:</strong> Amazon EKS, AWS Lambda</p>"
Brain Storming,adopt,Techniques,FALSE,"<p><strong><a href=""https://www.interaction-design.org/literature/topics/brainstorming"">Brainstorming</a></strong> combines a relaxed, informal approach to problem solving with lateral thinking. It encourages people to come up with thoughts and ideas that can, at first, seem a bit crazy. Some of these ideas can be crafted into original, creative solutions to a problem, while others can spark even more ideas.</br></br><strong>Used by:</strong> CUY, LM, SAPO, LMKT, TORO</p>"
User Stories,adopt,Techniques,FALSE,"<p><strong><a href=""https://en.wikipedia.org/wiki/User_story"">User story</a></strong> is the smallest unit of work in an agile framework. It's an end goal, not a feature, expressed from the software user's perspective. A user story is an informal, general explanation of a software feature written from the perspective of the end user or customer.</br></br><strong>Used by:</strong> All</p>"
Customer Journey Map,adopt,Techniques,FALSE,"<p><strong><a href=""https://delighted.com/blog/guide-to-customer-journey-mapping"">Customer journey map</a></strong> is a visual representation of the customer journey (also called the buyer journey or user journey). It helps you tell the story of your customers' experiences with your brand across all touchpoints</br></br><strong>Used by:</strong> LMKT</p>"
Wireframes,adopt,Techniques,FALSE,"<p><strong><a href=""https://www.experienceux.co.uk/faqs/what-is-wireframing/"">Wireframing</a></strong> is a practice used by UX designers which allows them to define and plan the information hierarchy of their design for a website, app, or product.</br></br><strong>Used by:</strong> LMKT, TORO, SAPO</p>"
Unit Testing,adopt,Techniques,FALSE,"<p><strong><a href=""https://en.wikipedia.org/wiki/Unit_testing"">Unit Testing</a></strong> is a type of software testing where individual units or components of a software are tested. The purpose is to validate that each unit of the software code performs as expected. Unit Testing is done during the development (coding phase) of an application by the developers.</br></br><strong>Used by:</strong> All</p>"
Snapshots Testing,adopt,Techniques,FALSE,"<p><strong><a href=""https://jestjs.io/docs/snapshot-testing"">Snapshot tests</a></strong> are a very useful tool whenever you want to make sure your UI does not change unexpectedly. A typical snapshot test case renders a UI component, takes a snapshot, then compares it to a reference snapshot file stored alongside the test.</br></br><strong>Used by:</strong> TORO, LMKT, SAPO</p>"
Design patterns,adopt,Techniques,FALSE,"<p><strong><a href=""https://refactoring.guru/design-patterns"">Design pattern</a></strong> is a general repeatable solution to a commonly occurring problem in software design. A design pattern isn't a finished design that can be transformed directly into code. It is a description or template for how to solve a problem that can be used in many different situations.<a href=""https://refactoring.guru/design-patterns"">Reference</a></br></br><strong>Used by:</strong> All</p>"
Enterprise Integration Patterns,adopt,Techniques,FALSE,"<p><strong><a href=""https://www.enterpriseintegrationpatterns.com/"">Enterprise integration patterns (EIP)</a></strong> is a catalog of design patterns for developing systems to integrate new and existing software in a business environment.<a href=""https://www.enterpriseintegrationpatterns.com/"">Reference</a></br></br><strong>Used by:</strong> LMKT, TORO, LM, SAPO, CUY, GATO</p>"
Event-Driven Architecture,adopt,Techniques,FALSE,"<p><strong><a href=""https://en.wikipedia.org/wiki/Event-driven_architecture"">Event-driven</a></strong> architecture is a software architecture and model for application design. With an event-driven system, the capture, communication, processing, and persistence of events are the core structure of the solution.</br></br><strong>Used by:</strong> LMKT, TORO, SAPO, CUY, LM, GATO</p>"
Transaction Script Pattern,adopt,Techniques,FALSE,"<p><strong><a href=""https://martinfowler.com/eaaCatalog/transactionScript.html"">Transaction Script</a></strong> organizes business logic by procedures where each procedure handles a single request from the presentation.</br></br><strong>Used by:</strong> TZT Leads</p>"
Layered Architecture,adopt,Techniques,FALSE,"<p><strong><a href=""https://priyalwalpita.medium.com/software-architecture-patterns-layered-architecture-a3b89b71a057"">Layered software architectures</a></strong> comprise multiple layers of components that are placed into logical groupings based on the type of functionality they provide or based on their interactions with other components, such that interlayer communication occurs between adjacent layers.</br></br><strong>Used by:</strong> All</p>"
Clean Code,adopt,Techniques,FALSE,"<p>The practice of <a href=""https://garywoodfine.com/what-is-clean-code/"">clean coding</a> centers on a human value of being a good steward for any other human who will look at or work with the code you build. </br></br><strong>Used by:</strong> All</p>"
Scrum,adopt,Techniques,FALSE,"<p><strong><a href=""https://www.scrum.org/resources/what-is-scrum"">Scrum</a></strong> is a process framework used to manage product development and other knowledge work. Scrum is empirical in that it provides a means for teams to establish a hypothesis of how they think something works, try it out, reflect on the experience, and make the appropriate adjustments.</br></br><strong>Used by:</strong> All</p>"
Pair Programming,adopt,Techniques,FALSE,"<p><strong><a href=""https://searchsoftwarequality.techtarget.com/definition/Pair-programming"">Pair programming</a></strong> allows team members to share quickly, making them less likely to have agendas hidden from each other. This helps pair programmers learn to communicate more easily.</br></br><strong>Used by:</strong> LMKT, TORO, GATO, SAPO, LM</p>"
Event Storming,adopt,Techniques,FALSE,"<p><strong><a href=""https://www.eventstorming.com/"">Event storming</a></strong> is a rapid group modeling approach to domain-driven design. Originally created by Alberto Brandolini in 2012 as a quick alternative to precise UML diagramming, event storming is a workshop-style technique that brings project stakeholders together (both developers and non-technical users) to explore complex business domains.</br></br><strong>Used by:</strong> SAPO, TORO, LM</p>"
Test Driven Development,adopt,Techniques,FALSE,"<p><strong><a href=""https://en.wikipedia.org/wiki/Test-driven_development"">Test Driven Development (TDD)</a></strong> is a software development practice that focuses on creating unit test cases before developing the actual code. It is an iterative approach that combines programming, the creation of unit tests, and refactoring.</br></br><strong>Used by:</strong> All</p>"
Event Sourcing,adopt,Techniques,FALSE,"<p><strong><a href=""https://martinfowler.com/eaaDev/EventSourcing.html"">Event sourcing</a></strong> refers to a collection of patterns based on persisting the full history of a domain as a sequence of events, rather than persisting just the current state.</br></br><strong>Used by:</strong> LMKT</p>"
Domain Driven Design,adopt,Techniques,FALSE,"<p><strong><a href=""https://martinfowler.com/bliki/DomainDrivenDesign.html"">Domain-Driven Design</a></strong> is an approach to software development that centers the development on programming a domain model that has a rich understanding of the processes and rules of a domain.</br></br><strong>Used by:</strong> LM, LMKT, SAPO</p>"
Clean Architecture,adopt,Techniques,FALSE,"<p><strong><a href=""https://blog.cleancoder.com/uncle-bob/2012/08/13/the-clean-architecture.html"">Clean architecture</a></strong> is a software design philosophy that separates the elements of a design into ring levels. The main rule of clean architecture is that code dependencies can only move from the outer levels inward. Code on the inner layers can have no knowledge of functions on the outer layers.</br></br><strong>Used by:</strong> All</p>"
CQRS,adopt,Techniques,FALSE,"<p><strong><a href=""https://docs.microsoft.com/en-us/azure/architecture/patterns/cqrs"">CQRS</a></strong> stands for Command Query Responsibility Segregation. It's a pattern that I first heard described by Greg Young. At its heart is the notion that you can use a different model to update information than the model you use to read information</br></br><strong>Used by:</strong> LMKT, LM, SAPO, TORO</p>"
Backend For Front-End,adopt,Techniques,FALSE,"<p><strong><a href=""https://blog.bitsrc.io/bff-pattern-backend-for-frontend-an-introduction-e4fa965128bf"">Backend For Frontend (BFF)</a></strong> architecture is the key to enhanced and improved user experience. A BFF layer consists of multiple backends developed to address the needs of respective frontend frameworks, like desktop, browser, and native-mobile apps.</br></br><strong>Used by:</strong> All</p>"
Azure Blob Storage,hold,Tools,FALSE,"<p><strong><a href=""https://learn.microsoft.com/en-us/azure/storage/blobs/storage-blobs-introduction"">Azure Blob Storage</a></strong> is Microsoft's object storage solution for the cloud. Blob Storage is optimized for storing massive amounts of unstructured data.</br></br><strong>Used by:</strong> TZT Leads, LMKT, TORO, CUY, LM</br><strong>Alternatives:</strong> Amazon S3</p>"
Azure SQL Server,hold,Tools,FALSE,"<p><strong><a href=""https://docs.microsoft.com/en-us/azure/azure-sql/"">Azure SQL Database</a></strong> is a fully managed platform as a service (PaaS) database engine that handles most of the database management functions such as upgrading, patching, backups, and monitoring without user involvement.</br></br><strong>Used by:</strong> LMKT, TORO, CUY, SAPO</br><strong>Alternatives:</strong> Amazon Aurora</p>"
Splunk,adopt,Tools,FALSE,"<p><strong><a href=""https://www.splunk.com/"">Splunk</a></strong> is a software platform widely used for monitoring, searching, analyzing and visualizing the machine-generated data in real time. It performs capturing, indexing, and correlating the real time data in a searchable container and produces graphs, alerts, dashboards and visualizations. Splunk provides easy to access data over the whole organization for easy diagnostics and solutions to various business problems.</br></br><strong>Used by:</strong> All</p>"
Application Insights,hold,Tools,FALSE,"<p><strong><a href=""https://docs.microsoft.com/en-us/azure/azure-monitor/app/app-insights-overview"">Application Insights</a></strong>, a feature of Azure Monitor, is an extensible Application Performance Management (APM) service for developers and DevOps professionals. Use it to monitor your live applications. It will automatically detect performance anomalies, and includes powerful analytics tools to help you diagnose issues and to understand what users actually do with your app. It's designed to help you continuously improve performance and usability.</br></br><strong>Used by:</strong> LM, LMKT, TZTLeads, SAPO</br><strong>Alternatives:</strong> AWS X-Ray</p>"
Azure Cache for Redis or Hosted Redis,hold,Tools,FALSE,"<p><strong><a href=""https://redis.io/"">Redis</a></strong> is an open source (BSD licensed), in-memory data structure store, used as a database, cache, and message broker. Redis provides data structures such as strings, hashes, lists, sets, sorted sets with range queries, bitmaps, hyperloglogs, geospatial indexes, and streams.</br></br><strong>Used by:</strong> TORO, LMKT, LM</br><strong>Alternatives:</strong> Amazon ElastiCache for Redis</p>"
Azure Service Bus,hold,Tools,FALSE,"<p><strong><a href=""https://docs.microsoft.com/en-us/azure/service-bus-messaging/service-bus-messaging-overview"">Microsoft Azure Service Bus</a></strong> is a fully managed enterprise message broker with message queues and publish-subscribe topics. </br></br><strong>Used by:</strong> TZT Leads, LM, TORO, CUY, SAPO, GATO</br><strong>Alternatives:</strong> Amazon SNS, Amazon SQS</p>"
SysDig,adopt,Tools,FALSE,"<p><strong><a href=""https://sysdig.com/"">Sysdig</a></strong> is a simple tool for deep system visibility, with native support for containers.</br></br><strong>Used by:</strong> TORO, LMKT, SAPO</p>"
Sentry,adopt,Tools,FALSE,"<p><strong><a href=""https://sentry.io/welcome/"">Sentry's application monitoring platform</a></strong> helps every developer diagnose, fix, and optimize the performance of their code.</br></br><strong>Used by:</strong> TORO, CUY, SAPO, LM</p>"
PagerDuty,adopt,Tools,FALSE,"<p><strong><a href=""https://www.pagerduty.com/"">PagerDuty</a></strong> is an incident management platform that provides reliable notifications, automatic escalations, on-call scheduling, and other functionality to help teams detect and fix infrastructure problems quickly.</br></br><strong>Used by:</strong> TZT Leads, TORO, LMKT, SAPO, CUY, LM</p>"
TeamCity,adopt,Tools,FALSE,"<p><strong><a href=""https://www.jetbrains.com/es-es/teamcity/"">TeamCity</a></strong> is a general-purpose CI/CD solution that allows the most flexibility for all sorts of workflows and development practices. The Projects Overview lets you quickly check the status of your builds, see what triggered them, download the latest build artifacts, and more.</br></br><strong>Used by:</strong>All</p>"
Octopus,adopt,Tools,FALSE,"<p><strong><a href=""https://octopus.com/"">Octopus Deploy</a></strong> is an automated deployment server that makes it easy to automate deployment.</br></br><strong>Used by:</strong> All</p>"
BitBucket,hold,Tools,FALSE,"<p><strong><a href=""https://bitbucket.org/product/"">Bitbucket</a></strong> is our Git repository management solution designed for professional teams. It gives you a central place to manage git repositories, collaborate on your source code and guide you through the development flow.</br></br><strong>Used by:</strong> All</br><strong>Alternatives:</strong> GitHub</p>"
Azure Event hubs,hold,Tools,FALSE,"<p><strong><a href=""https://docs.microsoft.com/en-us/azure/event-hubs/event-hubs-about"">Azure Event Hubs</a></strong> is a big data streaming platform and event ingestion service. It can receive and process millions of events per second. Data sent to an event hub can be transformed and stored by using any real-time analytics provider or batching/storage adapters.</br></br><strong>Used by:</strong> LM</br><strong>Alternatives:</strong> Amazon EventBridge</p>"
Figma,adopt,Tools,FALSE,"<p><strong><a href=""https://www.figma.com/"">Figma</a></strong> is a digital design and prototyping tool. It is a UI and UX design application that you can use it to create websites, apps, or smaller user interface components that can be integrated into other projects.</br></br><strong>Used by:</strong> CUY, LMKT, SAPO, TORO</p>"
Helm,adopt,Tools,FALSE,"<p><strong><a href=""https://helm.sh/"">Helm</a></strong> is a package manager for Kubernetes. Helm is the K8s equivalent of yum or apt. Helm deploys charts, which you can think of as a packaged application. It is a collection of all your versioned, pre-configured application resources which can be deployed as one unit.</br></br><strong>Used by:</strong> LMKT, TORO, SAPO</p>"
ESLint,adopt,Tools,FALSE,"<p><strong><a href=""https://eslint.org/"">ESLint</a></strong> is a static code analysis tool for identifying problematic patterns found in JavaScript code.</br></br><strong>Used by:</strong> TORO, LMKT, SAPO</p>"
Commitizen,adopt,Tools,FALSE,"<p><strong><a href=""https://github.com/commitizen/cz-cli"">Commitizen</a></strong>, When you commit with Commitizen, you'll be prompted to fill out any required commit fields at commit time.</br></br><strong>Used by:</strong> TORO, LMKT, SAPO</p>"
Commitlint,adopt,Tools,FALSE,"<p><strong><a href=""https://github.com/conventional-changelog/commitlint"">Commitlint</a></strong> checks if your commit messages meet the conventional commit format.</br></br><strong>Used by:</strong> TORO, LMKT, SAPO</p>"
semantic-release,adopt,Tools,FALSE,"<p><strong><a href=""https://github.com/semantic-release/semantic-release"">semantic-release</a></strong> automates the whole package release workflow including: determining the next version number, generating the release notes and publishing the package.</br></br><strong>Used by:</strong> TORO, LMKT, SAPO</p>"
Husky,adopt,Tools,FALSE,"<p><strong><a href=""https://github.com/typicode/husky"">Husky</a></strong> improves your commits and more. You can use it to lint your commit messages, run tests, lint code, etc. when you commit or push.</br></br><strong>Used by:</strong> TORO, LMKT, SAPO</p>"
GitHub,adopt,Tools,FALSE,"<p><strong><a href=""https://github.com/"">GitHub</a></strong> is a code hosting platform for version control and collaboration. It lets you and others work together on projects from anywhere.</br></br><strong>Used by:</strong> All</p>"
Azure Key Vault,hold,Tools,FALSE,"<p><strong><a href=""https://docs.microsoft.com/en-us/azure/key-vault/"">Azure Key Vault</a></strong> helps teams to securely store and manage sensitive information such as keys, passwords, certificates, etc., in a centralized storage which are safeguarded by industry-standard algorithms, key lengths, and even hardware security modules.</br></br><strong>Used by:</strong> SAPO, CUY</br><strong>Alternatives:</strong> AWS Secret Manager</p>"
Pulumi,hold,Tools,FALSE,"<p><strong><a href=""https://www.pulumi.com/"">Pulumi</a></strong> is an open-source infrastructure as code tool that utilizes the most popular programming languages to simplify provisioning and managing cloud resources.</br></br><strong>Used by:</strong> TORO</br><strong>Alternatives:</strong> Terraform, AWS SAM</p>"
Storybook,adopt,Tools,FALSE,"<p><strong><a href=""https://storybook.js.org/"">Storybook</a></strong> is an open source tool for building UI components and pages in isolation. It streamlines UI development, testing, and documentation.</br></br><strong>Used by:</strong> All</p>"
Microsoft Message Queuing (MSMQ),hold,Tools,FALSE,"<p><strong><a href=""https://docs.microsoft.com/en-us/previous-versions/windows/desktop/msmq/ms711472(v=vs.85)"">Message Queuing (MSMQ)</a></strong> technology enables applications running at different times to communicate across heterogeneous networks and systems that may be temporarily offline. Applications send messages to queues and read messages from queues. </br></br><strong>Used by:</strong> TZT Leads</br><strong>Alternatives:</strong> Amazon SNS, Amazon SQS</p>"
Microsoft  SQL Server (On-prem),hold,Tools,FALSE,"<p><strong><a href=""https://learn.microsoft.com/en-us/sql/sql-server/what-is-sql-server?view=sql-server-ver16"">Microsoft SQL Server</a></strong> is a relational database management system developed by Microsoft.</br></br><strong>Used by:</strong> TZT Leads, CUY</br><strong>Alternatives:</strong> Amazon Aurora</p>"
.NET 6,hold,Languages and Frameworks,FALSE,"<p><strong><a href=""https://docs.microsoft.com/en-us/dotnet/core/dotnet-five"">.NET Core</a></strong> is a cross-platform implementation for running websites, services, and console apps on Windows, Linux, and macOS.</br></br><strong>Used by:</strong> SAPO, LMKT</br><strong>Alternatives:</strong> .NET 8</p>"
.NET 7,hold,Languages and Frameworks,FALSE,"<p><strong><a href=""https://docs.microsoft.com/en-us/dotnet/core/dotnet-five"">.NET Core</a></strong> is a cross-platform implementation for running websites, services, and console apps on Windows, Linux, and macOS.</br></br><strong>Used by:</strong> SAPO, LMKT</br><strong>Alternatives:</strong> .NET 8</p>"
.NET 8,adopt,Languages and Frameworks,FALSE,"<p><strong><a href=""https://docs.microsoft.com/en-us/dotnet/core/dotnet-five"">.NET Core</a></strong> is a cross-platform implementation for running websites, services, and console apps on Windows, Linux, and macOS.</br></br><strong>Used by:</strong> SAPO, LMKT, CUY</p>"
AWS Serverless Application Model (SAM),adopt,Tools,TRUE,"<p><strong><a href=""https://docs.aws.amazon.com/serverless-application-model/latest/developerguide/what-is-sam.html"">The AWS Serverless Application Model</a></strong>  is an open-source framework for building serverless applications. It provides shorthand syntax to express functions, APIs, databases, and event source mappings.</br></br><strong>Used by:</strong> Enrollments, Starlight, DNC, One Member</p>"
Powertools for AWS Lambda (.NET),adopt,Languages and Frameworks,TRUE,"<p><strong><a href=""https://docs.powertools.aws.dev/lambda/dotnet/"">Powertools for AWS Lambda (.NET)</a></strong> is a suite of utilities for AWS Lambda functions to ease adopting best practices such as tracing, structured logging, custom metrics, and more.</br></br><strong>Used by:</strong> One Member</p>"
Terraform,adopt,Tools,TRUE,"<p><strong><a href=https://developer.hashicorp.com/terraform?product_intent=terraform"">Terraform</a></strong> is an infrastructure as code tool that enables you to safely and predictably provision and manage infrastructure in any cloud.</br></br><strong>Used by:</strong> All</p>"
AWS X-Ray,adopt,Tools,TRUE,"<p><strong><a href=""https://docs.aws.amazon.com/xray/latest/devguide/aws-xray.html"">AWS X-Ray</a></strong> is a service that collects data about requests that your application serves, and provides tools that you can use to view, filter, and gain insights into that data to identify issues and opportunities for optimization. Further details can be found <a href=""https://github.com/TRANZACT/Platforms.Architecture.CoP/blob/master/teaching/code-challenges/xray/README.md"">here</a>.</br></br><strong>Used by:</strong> One Member, DNC, Starlight</p>"
Amazon CloudWatch,adopt,Tools,TRUE,"<p><strong><a href=""https://docs.aws.amazon.com/AmazonCloudWatch/latest/monitoring/WhatIsCloudWatch.html"">Amazon CloudWatch</a></strong> monitors your Amazon Web Services (AWS) resources and the applications you run on AWS in real time. You can use CloudWatch to collect and track metrics, which are variables you can measure for your resources and applications.</br></br><strong>Used by:</strong> All</p>"
Amazon EKS,adopt,Platforms,TRUE,"<p><strong><a href=""https://docs.aws.amazon.com/eks/latest/userguide/what-is-eks.html"">Amazon EKS</a></strong> is a managed service that eliminates the need to install, operate, and maintain your own Kubernetes control plane on Amazon Web Services (AWS).</br></br><strong>Used by:</strong> All</p>"
Amazon API Gateway,adopt,Tools,TRUE,"<p><strong><a href=""https://docs.aws.amazon.com/apigateway/latest/developerguide/welcome.html"">Amazon API Gateway</a></strong> is an AWS service for creating, publishing, maintaining, monitoring, and securing REST, HTTP, and WebSocket APIs at any scale. API developers can create APIs that access AWS or other web services, as well as data stored in the AWS Cloud.</br></br><strong>Used by:</strong> DNC, Starlight, Enrollments, One Member</p>"
AWS Lambda,adopt,Platforms,TRUE,"<p><strong><a href=""https://docs.aws.amazon.com/lambda/latest/dg/welcome.html"">AWS Lambda</a></strong> is a compute service that lets you run code without provisioning or managing servers. Further details can be found <a href=""https://github.com/TRANZACT/Platforms.Architecture.CoP/blob/master/teaching/code-challenges/lambda/README.md"">here</a>.</br></br><strong>Used by:</strong> Enrollments, Starlight, DNC, One Member</p>"
LocalStack,adopt,Tools,TRUE,"<p><strong><a href=""https://docs.localstack.cloud/overview/"">LocalStack</a></strong> is a cloud service emulator that runs in a single container on your laptop or in your CI environment. Further details can be found <a href=""https://github.com/TRANZACT/Platforms.Architecture.CoP/blob/master/teaching/code-challenges/localstack/README.md"">here</a>.</br></br><strong>Used by:</strong> One Member, Starlight</p>"
Kubernetes Event-driven Autoscaling (KEDA),adopt,Tools,TRUE,"<p><strong><a href=""https://keda.sh/docs/2.12/deploy/"">Kubernetes Event-driven Autoscaling (KEDA)</a></strong> is a Kubernetes-based Event Driven Autoscaler. With KEDA, you can drive the scaling of any container in Kubernetes based on the number of events needing to be processed. Further details can be found <a href=""https://github.com/TRANZACT/Platforms.Architecture.CoP/blob/master/teaching/code-challenges/keda/README.md"">here</a>.</br></br><strong>Used by:</strong> CUY</p>"
NUKE Build,adopt,Tools,TRUE,"<p><strong><a href=""https://nuke.build/"">NUKE</a></strong> brings your build automation to an even level with every other .NET project. How? It's a regular console application allowing all the OOP goodness! Besides, it solves many common problems in build automation, like parameter injection, path separator abstraction, access to solution and project models, and build step sharing across repositories. </br></br><strong>Used by:</strong> All</p>"
Amazon Simple Queue Service (SQS),adopt,Tools,TRUE,"<p><strong><a href=""https://docs.aws.amazon.com/AWSSimpleQueueService/latest/SQSDeveloperGuide/welcome.html"">Amazon Simple Queue Service</a></strong> offers a secure, durable, and available hosted queue that lets you integrate and decouple distributed software systems and components.</br></br><strong>Used by:</strong> All</p>"
Amazon Simple Notification Service (SNS),adopt,Tools,TRUE,"<p><strong><a href=""https://docs.aws.amazon.com/sns/latest/dg/welcome.html"">Amazon Simple Notification Service</a></strong> is a managed service that provides message delivery from publishers to subscribers (also known as producers and consumers).</br></br><strong>Used by:</strong> All</p>"
Amazon Simple Storage Service (S3),adopt,Tools,TRUE,"<p><strong><a href=""https://docs.aws.amazon.com/AmazonS3/latest/userguide/Welcome.html"">Amazon Simple Storage Service</a></strong> is an object storage service that offers industry-leading scalability, data availability, security, and performance.</br></br><strong>Used by:</strong> TORO</p>"
Amazon ElastiCache for Redis,adopt,Tools,TRUE,"<p><strong><a href=""https://docs.aws.amazon.com/AmazonElastiCache/latest/red-ug/WhatIs.html"">Amazon ElastiCache for Redis</a></strong> is a web service that makes it easy to set up, manage, and scale a distributed in-memory data store or cache environment in the cloud.</br></br><strong>Used by:</strong> CUY, GATO</p>"
Lambda Annotation,assess,Languages and Frameworks,TRUE,"<p><strong><a href=""https://github.com/aws/aws-lambda-dotnet/blob/master/Libraries/src/Amazon.Lambda.Annotations/README.md"">Lambda Annotations</a></strong>  is a programming model for writing .NET Lambda functions. At a high level the programming model allows idiomatic .NET coding patterns. C# Source Generators are used to bridge the gap between the Lambda programming model to the Lambda Annotations programming model without adding any performance penalty.</br></br><strong>Used by:</strong> None</p>"
Amazon Aurora,adopt,Tools,TRUE,"<p><strong><a href=""https://docs.aws.amazon.com/AmazonRDS/latest/AuroraUserGuide/CHAP_AuroraOverview.html"">Amazon Aurora</a></strong> is a fully managed relational database engine that's compatible with MySQL and PostgreSQL.</br></br><strong>Used by:</strong> All</p>"
K6,adopt,Tools,TRUE,"<p><strong><a href=""https://k6.io/docs/"">K6</a></strong> is an open-source load testing tool that makes performance testing easy and productive for engineering teams. k6 is free, developer-centric, and extensible.</br></br><strong>Used by:</strong> All</p>"
AWS Systems Manager Parameter Store,adopt,Tools,TRUE,"<p><strong><a href=""https://docs.aws.amazon.com/systems-manager/latest/userguide/systems-manager-parameter-store.html"">AWS Systems Manager Parameter Store</a></strong>  provides secure, hierarchical storage for configuration data management and secrets management.</br></br><strong>Used by:</strong> Starlight</p>"
Hot Chocolate,adopt,Languages and Frameworks,TRUE,"<p><strong><a href=""https://chillicream.com/docs/hotchocolate/v13"">Hot Chocolate</a></strong> is an open-source GraphQL server for the Microsoft .NET platform that is compliant with the newest GraphQL October 2021 spec + Drafts, which makes Hot Chocolate compatible to all GraphQL compliant clients like Strawberry Shake, Relay, Apollo Client, and various other GraphQL clients and tools.</br></br><strong>Used by:</strong> LMKT, TORO</p>"
GitHub Packages,trial,Tools,TRUE,"<p><strong><a href=""https://docs.github.com/en/packages/learn-github-packages/introduction-to-github-packages"">GitHub Packages</a></strong> is a software package hosting service that allows you to host your software packages privately or publicly and use packages as dependencies in your projects.</br></br><strong>Used by:</strong> None</p>"
Seq,adopt,Tools,TRUE,"<p><strong><a href=""https://docs.datalust.co/docs/an-overview-of-seq"">Seq</a></strong>  is a real-time search and analysis server for structured application logs. Its carefully-designed user interface, JSON event store, and familiar query language make it an efficient platform for detecting and diagnosing issues in complex applications and microservices.</br></br><strong>Used by:</strong> LMKT, Enrollments, One Member</p>"
YARP,adopt,Languages and Frameworks,TRUE,"<p><strong><a href=""https://github.com/microsoft/reverse-proxy"">YARP </a></strong> is a library to help create reverse proxy servers that are high-performance, production-ready, and highly customizable.</br></br><strong>Used by:</strong> LMKT, Enrollments</p>"
Visual Studio Code,adopt,Tools,TRUE,"<p><strong><a href=""https://code.visualstudio.com/"">Visual Studio Code</a></strong>  is a lightweight but powerful source code editor which runs on your desktop and is available for Windows, macOS and Linux. It comes with built-in support for JavaScript, TypeScript and Node.js and has a rich ecosystem of extensions for other languages and runtimes (such as C++, C#, Java, Python, PHP, Go, .NET).</br></br><strong>Used by:</strong> All</p>"
Visual Studio,adopt,Tools,TRUE,"<p><strong><a href=""https://visualstudio.microsoft.com/es/vs/"">Visual Studio</a></strong> is a powerful developer tool that you can use to complete the entire development cycle in one place. It is a comprehensive integrated development environment (IDE) that you can use to write, edit, debug, and build code, and then deploy your app.</br></br><strong>Used by: All</strong> </p>"
Rider,adopt,Tools,TRUE,"<p><strong><a href=""https://www.jetbrains.com/rider/"">Rider</a></strong> provides the power to productively develop a wide range of applications, including .NET desktop applications, services and libraries, Unity and Unreal Engine games, Xamarin apps, ASP.NET, and ASP.NET Core web applications, and more.</br></br><strong>Used by: </strong>All</p>"
Mermaid,adopt,Tools,TRUE,"<p><strong><a href=""https://mermaid.js.org/intro/"">Mermaid</a></strong> is a JavaScript based diagramming and charting tool that renders Markdown-inspired text definitions to create and modify diagrams dynamically.</br></br><strong>Used by:</strong> All</p>"
PlantUML,adopt,Tools,TRUE,"<p><strong><a href=""https://plantuml.com/es/"">PlantUML</a></strong> is a versatile component that enables swift and straightforward diagram creation. Users can draft a variety of diagrams using a simple and intuitive language.</br></br><strong>Used by: </strong> All</p>"
Acceptance Testing,adopt,Techniques,TRUE,"<p><strong><a href=""https://blog.raulnq.com/understanding-acceptance-testing"">Acceptance Testing</a></strong> is a test that asserts that the code does what the user wants, providing timely feedback.</br></br><strong>Used by:</strong> LMKT, One Member, Enrollments</p>"
Markdown,adopt,Languages and Frameworks,TRUE,"<p><strong><a href=""https://www.markdownguide.org/"">Markdown</a></strong> is a lightweight markup language for creating formatted text using a plain-text editor.</br></br><strong>Used by:</strong> All</p>"
Tye,hold,Tools,TRUE,"<p><strong><a href=""https://github.com/dotnet/tye"">Tye</a></strong> is a developer tool that makes developing, testing, and deploying microservices and distributed applications easier. Project Tye includes a local orchestrator to make developing microservices easier and the ability to deploy microservices to Kubernetes with minimal configuration.</br></br><strong>Used by:</strong> Enrollments</br><strong>Alternatives:</strong> Aspire</p>"
Notion,assess,Tools,TRUE,"<p><strong><a href=""https://www.notion.so/help/guides/what-is-notion"">Notion</a></strong> is a single space where you can think, write, and plan. Capture thoughts, manage projects, or even run an entire company  and do it exactly the way you want.</br></br><strong>Used by:</strong> None</p>"
Microsoft Loop,assess,Tools,TRUE,"<p><strong><a href=""https://adoption.microsoft.com/en-us/microsoft-loop/"">Microsoft Loop</a></strong> is a transformative co-creation experience that brings together teams, content and tasks across your tools and devices. Loop combines a powerful and flexible canvas with portable components that move freely and stay in sync across applications enabling teams to think, plan, and create together.</br></br><strong>Used by:</strong> None</p>"
AWS Database Migration Service,assess,Tools,TRUE,"<p><strong><a href=""https://docs.aws.amazon.com/dms/latest/userguide/Welcome.html"">AWS Database Migration Service</a></strong> is a cloud service that makes it possible to migrate relational databases, data warehouses, NoSQL databases, and other types of data stores. You can use AWS DMS to migrate your data into the AWS Cloud or between combinations of cloud and on-premises setups.</br></br><strong>Used by:</strong> None</p>"
AWS DataSync,assess,Tools,TRUE,"<p><strong><a href=""https://docs.aws.amazon.com/datasync/latest/userguide/what-is-datasync.html"">AWS DataSync</a></strong> is an online data movement and discovery service that simplifies data migration and helps you quickly, easily, and securely transfer your file or object data to, from, and between AWS storage services.</br></br><strong>Used by:</strong> None</p>"
dotnet-monitor,assess,Tools,TRUE,"<p><strong><a href=""https://github.com/dotnet/dotnet-monitor/tree/main/documentation"">dotnet-monitor</a></strong> is a tool that makes it easier to get access to diagnostics information in a dotnet process.</br></br><strong>Used by:</strong> None</p>"
AWS Lambda Power Tuning,trial,Tools,TRUE,"<p><strong><a href=""https://github.com/alexcasalboni/aws-lambda-power-tuning"">AWS Lambda Power Tuning</a></strong> is a state machine powered by AWS Step Functions that helps you optimize your Lambda functions for cost and/or performance in a data-driven way.</br></br><strong>Used by:</strong> Startlight, DNC</p>"
GitVersion,adopt,Tools,TRUE,"<p><strong><a href=""https://gitversion.net/"">GitVersion</a></strong> is a tool that generates a Semantic Version number based on your Git history. The version number generated from GitVersion can then be used for various different purposes.</br></br><strong>Used by:</strong> All</p>"
OpenTelemetry,assess,Languages and Frameworks,TRUE,"<p><strong><a href=""https://opentelemetry.io/docs/"">OpenTelemetry</a></strong> is a vendor-neutral open source Observability framework for instrumenting, generating, collecting, and exporting telemetry data such as traces, metrics, logs.</br></br><strong>Used by:</strong> None</p>"
MockServer,assess,Tools,TRUE,"<p><strong><a href=""https://mock-server.com/"">MockServer</a></strong>, easy mocking of any system you integrate with via HTTP or HTTPS.</br></br><strong>Used by:</strong> None</p>"
AWS AppConfig,assess,Tools,TRUE,"<p><strong><a href=""https://docs.aws.amazon.com/appconfig/latest/userguide/what-is-appconfig.html"">AWS AppConfig</a></strong>  feature flags and dynamic configurations help software builders quickly and securely adjust application behavior in production environments without full code deployments.</br></br><strong>Used by:</strong> None</p>"
Husky. NET,assess,Tools,TRUE,"<p><strong><a href=""https://alirezanet.github.io/Husky.Net/"">Husky. NET</a></strong> offers a very simple way to start using git hooks or running certain tasks, write and run custom scripts and more.</br></br><strong>Used by:</strong> None</p>"
Emotion,adopt,Languages and Frameworks,TRUE,"<p><strong><a href=""https://emotion.sh/docs/introduction"">Emotion</a></strong> is a library designed for writing css styles with JavaScript. It provides powerful and predictable style composition in addition to a great developer experience with features such as source maps, labels, and testing utilities. Both string and object styles are supported.</br></br><strong>Used by:</strong>CUY, Enrollments</p>"
Playwright,trial,Tools,TRUE,"<p><strong><a href=""https://playwright.dev/"">Playwright</a></strong> enables reliable end-to-end testing for modern web apps.</br></br><strong>Used by:</strong> CUY</p>"
Vite,trial,Tools,TRUE,"<p><strong><a href=""https://vitejs.dev/"">Vite</a></strong> is a build tool and development server that is used to build modern web applications. It is designed to be fast and efficient, and can significantly improve the developer experience when building complex web applications.</br></br><strong>Used by:</strong> CUY</p>"
Vitest,trial,Tools,TRUE,"<p><strong><a href=""https://vitest.dev/"">Vitest</a></strong> is a next generation testing framework powered by Vite.</br></br><strong>Used by:</strong> CUY</p>"
Create React App,hold,Tools,TRUE,"<p><strong><a href=""https://create-react-app.dev/"">Create React App</a></strong>  is a comfortable environment for learning React, and is the best way to start building a new single-page application in React.</br></br><strong>Used by:</strong> All</br><strong>Alternatives:</strong> Rollup</p>"
Rollup,adopt,Tools,TRUE,"<p><strong><a href=""https://rollupjs.org/introduction/"">Rollup</a></strong> is a module bundler for JavaScript which compiles small pieces of code into something larger and more complex, such as a library or application.</br></br><strong>Used by:</strong> CUY</p>"
React Hook Form,adopt,Languages and Frameworks,TRUE,"<p><strong><a href=""https://react-hook-form.com/"">React Hook Form</a></strong>  is built with uncontrolled inputs in mind and tries to provide your form with the best performance and least amount of re-renders possible. Additionallly, react-hook-form is built with React Hooks and used as a hook, which means there is no Component for you to import.</br></br><strong>Used by:</strong> CUY</p>"
Mock Service Worker,assess,Languages and Frameworks,TRUE,"<p><strong><a href=""https://mswjs.io/"">Mock Service Worker</a></strong> is an API mocking library that allows you to write client-agnostic mocks and reuse them across any frameworks, tools, and environments.</br></br><strong>Used by:</strong> CUY</p>"
Deno,assess,Tools,TRUE,"<p><strong><a href=""https://deno.com/"">Deno</a></strong>  is a JavaScript and TypeScript runtime based on the V8 JavaScript engine and the Rust programming language.</br></br><strong>Used by:</strong> None</p>"
Serverless Framework,hold,Tools,TRUE,"<p><strong><a href=""https://www.serverless.com/"">Serverless Framework</a></strong> The Serverless Framework helps you develop and deploy AWS Lambda functions, along with the AWS infrastructure resources they require.</br></br><strong>Used by:</strong> Enrollments</br><strong>Alternatives:</strong> AWS SAM</p>"
Azure App Configuration,hold,Tools,TRUE,"<p><strong><a href=""https://learn.microsoft.com/en-us/azure/azure-app-configuration/overview"">Azure App Configuration</a></strong>   provides a service to centrally manage application settings and feature flags.</br></br><strong>Used by:</strong> CUY, TORO</br><strong>Alternatives:</strong> AWS AppConfig, AWS Systems Manager Parameter Store</p>"
Azure Table Storage,hold,Tools,TRUE,"<p><strong><a href=""https://learn.microsoft.com/en-us/azure/storage/tables/table-storage-overview"">Azure Table Storage</a></strong> storage is a service that stores non-relational structured data (also known as structured NoSQL data) in the cloud, providing a key/attribute store with a schemaless design.</br></br><strong>Used by:</strong> LMKT</br><strong>Alternatives:</strong> Amazon DynamoDB</p>"
Moment.js,hold,Languages and Frameworks,TRUE,"<p><strong><a href=""https://momentjs.com/"">Moment.js</a></strong> is a JavaScript package that makes it simple to parse, validate, manipulate, and display date/time in JavaScript.</br></br><strong>Used by:</strong> SAPO</br><strong>Alternatives:</strong> date-fns</p>"
Amazon DynamoDB,adopt,Tools,TRUE,"<p><strong><a href=""https://docs.aws.amazon.com/amazondynamodb/latest/developerguide/Introduction.html"">Amazon DynamoDB</a></strong>  is a fully managed NoSQL database service that provides fast and predictable performance with seamless scalability.</br></br><strong>Used by:</strong> LMKT</p>"
Amazon Cognito,assess,Tools,TRUE,"<p><strong><a href=""https://docs.aws.amazon.com/cognito/latest/developerguide/what-is-amazon-cognito.html"">Amazon Cognito</a></strong> is an identity platform for web and mobile apps. It's a user directory, an authentication server, and an authorization service for OAuth 2.0 access tokens and AWS credentials.</br></br><strong>Used by:</strong> None</p>"
Amazon EventBridge,assess,Tools,TRUE,"<p><strong><a href=""https://docs.aws.amazon.com/eventbridge/latest/userguide/eb-what-is.html"">Amazon EventBridge</a></strong>  is a serverless service that uses events to connect application components together, making it easier for you to build scalable event-driven applications.</br></br><strong>Used by:</strong> None</p>"
AWS Elastic Beanstalk,hold,Platforms,TRUE,"<p><strong><a href=""https://docs.aws.amazon.com/elasticbeanstalk/latest/dg/Welcome.html"">AWS Elastic Beanstalk</a></strong> is an easy-to-use service for deploying and scaling web applications and services developed with Java, .NET, PHP, Node.js, Python, Ruby, Go, or Docker on familiar servers such as Apache, Nginx, Passenger, and IIS. Elastic Beanstalk is a complete application management solution, and manages all infrastructure and platform tasks on your behalf.</br></br><strong>Used by:</strong> None</br><strong>Alternatives:</strong> Amazon EKS, AWS Lambda</p>"
AWS AppSync,assess,Tools,TRUE,"<p><strong><a href=""https://docs.aws.amazon.com/appsync/latest/devguide/what-is-appsync.html"">AWS AppSync</a></strong> enables developers to connect their applications and services to data and events with secure, serverless and high-performing GraphQL and Pub/Sub APIs.</br></br><strong>Used by:</strong> None</p>"
AWS Secret Manager,assess,Tools,TRUE,"<p><strong><a href=""https://docs.aws.amazon.com/secretsmanager/latest/userguide/intro.html"">AWS Secrets Manager</a></strong> helps you manage, retrieve, and rotate database credentials, application credentials, OAuth tokens, API keys, and other secrets throughout their lifecycles.</br></br><strong>Used by:</strong> None</p>"
